"","groupe","Taille de la commune","Grösse der Gemeinde","Grandezza del comune","Pourcentage de oui","Ja in %","Percentuale di si"
"1",1,"Plus de 50'000 habitants","Mehr als 50'000 Einwohner","Oltre 50'000 abitanti",68.2989740147665,68.2989740147665,68.2989740147665
"2",2,"Entre 20'000 et 50'000 habitants","Zwischen 20'000 und 50'000 Einwohner","Tra 20'000 e 50'000 abitanti",54.4045536863511,54.4045536863511,54.4045536863511
"3",3,"Entre 10'000 et 20'000 habitants","Zwischen 10'000 und 20'000 Einwohner","Tra 10'000 e 20'000 abitanti",50.1317514408263,50.1317514408263,50.1317514408263
"4",4,"Entre 5000 et 10'000 habitants","Zwischen 5000 und 10'000 Einwohner","Tra 5000 e 10'000 abitanti",44.7442211834409,44.7442211834409,44.7442211834409
"5",5,"Entre 2000 et 5000 habitants","Zwischen 2000 und 5000 Einwohner","Tra 2000 e 5000 abitanti",41.0347400965595,41.0347400965595,41.0347400965595
"6",6,"Entre 1000 et 2000 habitants","Zwischen 1000 und 2000 Einwohner","Tra 1000 e 2000 abitanti",38.3724348797554,38.3724348797554,38.3724348797554
"7",7,"Moins de 1000 habitants","Weniger als 1000 Einwohner","Meno di 1000 abitanti",36.3064008394544,36.3064008394544,36.3064008394544
