"","groupe","Taille de la commune","Grösse der Gemeinde","Grandezza del comune","Pourcentage de oui","Ja in %","Percentuale di si"
"1",1,"Plus de 50'000 habitants","Mehr als 50'000 Einwohner","Oltre 50'000 abitanti",56.3419511969744,56.3419511969744,56.3419511969744
"2",2,"Entre 20'000 et 50'000 habitants","Zwischen 20'000 und 50'000 Einwohner","Tra 20'000 e 50'000 abitanti",43.8762452318412,43.8762452318412,43.8762452318412
"3",3,"Entre 10'000 et 20'000 habitants","Zwischen 10'000 und 20'000 Einwohner","Tra 10'000 e 20'000 abitanti",40.8295152935325,40.8295152935325,40.8295152935325
"4",4,"Entre 5000 et 10'000 habitants","Zwischen 5000 und 10'000 Einwohner","Tra 5000 e 10'000 abitanti",35.5789808508442,35.5789808508442,35.5789808508442
"5",5,"Entre 2000 et 5000 habitants","Zwischen 2000 und 5000 Einwohner","Tra 2000 e 5000 abitanti",31.7549704549033,31.7549704549033,31.7549704549033
"6",6,"Entre 1000 et 2000 habitants","Zwischen 1000 und 2000 Einwohner","Tra 1000 e 2000 abitanti",31.0526428372799,31.0526428372799,31.0526428372799
"7",7,"Moins de 1000 habitants","Weniger als 1000 Einwohner","Meno di 1000 abitanti",28.1902040301738,28.1902040301738,28.1902040301738
