"","groupe","Taille de la commune","Grösse der Gemeinde","Grandezza del comune","Pourcentage de oui","Ja in %","Percentuale di si"
"1",1,"Plus de 50'000 habitants","Mehr als 50'000 Einwohner","Oltre 50'000 abitanti",56.0286766696896,56.0286766696896,56.0286766696896
"2",2,"Entre 20'000 et 50'000 habitants","Zwischen 20'000 und 50'000 Einwohner","Tra 20'000 e 50'000 abitanti",44.0420164538604,44.0420164538604,44.0420164538604
"3",3,"Entre 10'000 et 20'000 habitants","Zwischen 10'000 und 20'000 Einwohner","Tra 10'000 e 20'000 abitanti",39.9781561949501,39.9781561949501,39.9781561949501
"4",4,"Entre 5000 et 10'000 habitants","Zwischen 5000 und 10'000 Einwohner","Tra 5000 e 10'000 abitanti",35.6525885378134,35.6525885378134,35.6525885378134
"5",5,"Entre 2000 et 5000 habitants","Zwischen 2000 und 5000 Einwohner","Tra 2000 e 5000 abitanti",31.9587628865979,31.9587628865979,31.9587628865979
"6",6,"Entre 1000 et 2000 habitants","Zwischen 1000 und 2000 Einwohner","Tra 1000 e 2000 abitanti",31.1336303425121,31.1336303425121,31.1336303425121
"7",7,"Moins de 1000 habitants","Weniger als 1000 Einwohner","Meno di 1000 abitanti",29.0706682351591,29.0706682351591,29.0706682351591
