"","groupe","Taille de la commune","Pourcentage de oui"
"1",1,"Plus de 50'000 habitants",36.1327542346008
"2",2,"Entre 20'000 et 50'000 habitants",48.3691712974148
"3",3,"Entre 10'000 et 20'000 habitants",50.4667686696988
"4",4,"Entre 5000 et 10'000 habitants",54.1903272494148
"5",5,"Entre 2000 et 5000 habitants",56.6719486436255
"6",6,"Entre 1000 et 2000 habitants",58.0369072284724
"7",7,"Moins de 1000 habitants",59.1352651693967
